{"SA-24-Y-A": [-41.24991919607103, -2.5001446905018065], "SB-23-X-B": [-42.74992606961692, -4.500319448425062], "SB-23-Z-B": [-42.74992606396928, -6.50038515684802], "SB-24-V-A": [-41.24991920815678, -4.500319447507099], "SB-24-V-B": [-39.74991232085619, -4.500319437162365], "SB-24-V-C": [-41.24991919483262, -5.50028503596428], "SB-24-V-D": [-39.749912316869036, -5.500285056327916], "SB-24-X-A": [-38.25004021496911, -4.500319383126011], "SB-24-X-B": [-36.750033349381255, -4.500319384067047], "SB-24-X-C": [-38.250040211410536, -5.5002849929717765], "SB-24-X-D": [-36.75003334650458, -5.500284993595864], "SB-25-Y-A": [-35.2500264982779, -6.500385077815781], "SB-25-Y-C": [-35.25002649614359, -7.500484817752621], "SC-23-V-B": [-45.74993979005022, -8.500449398036448], "SC-23-X-A": [-44.24993293589022, -8.500449394142978], "SC-23-X-B": [-42.749926057121534, -8.500449394156982], "SC-23-X-C": [-44.24993291216891, -9.500413639928544], "SC-23-Y-B": [-45.749939777998165, -10.500512018742898], "SC-23-Y-C": [-47.24994662725567, -11.500474903262457], "SC-23-Y-D": [-45.74993978620723, -11.500474900782427], "SC-23-Z-C": [-44.2499329073696, -11.500474901341981], "SC-24-V-A": [-41.24991920150932, -8.500449394958126], "SC-24-V-B": [-39.7499123404932, -8.500449399241429], "SC-24-V-C": [-41.2499192019262, -9.500413656167538], "SC-24-V-D": [-39.74991232844801, -9.500413664356621], "SC-24-X-A": [-38.24990547974077, -8.50044940575487], "SC-24-X-C": [-38.24990549315117, -9.500413647786223], "SC-24-X-D": [-36.749898615035505, -9.500413646450125], "SC-24-Y-A": [-41.24991919184566, -10.500512025675926], "SC-24-Z-C": [-38.2499054840884, -11.500474899869808], "SC-24-Z-D": [-36.74989862807125, -11.500474901742763], "SC-25-V-A": [-35.25002649620934, -8.500449301625165], "SD-23-V-D": [-45.74993979303304, -13.500650508234898], "SD-23-X-A": [-44.24993291368629, -12.50057203768385], "SD-23-X-B": [-42.749926062147054, -12.500572052099152], "SD-23-Y-A": [-47.2499466629336, -14.500592028498799], "SD-23-Y-B": [-45.749939753241264, -14.500592044995665], "SD-23-Z-C": [-44.249932895005905, -15.500684631645445], "SD-24-V-A": [-41.24991917649456, -12.500572041319817], "SD-24-V-B": [-39.74991230869127, -12.500572052454155], "SD-24-V-C": [-41.24991921594612, -13.500650501479246], "SD-24-V-D": [-39.74991232758811, -13.50065049266131], "SD-24-X-A": [-38.24990547594112, -12.500572059476855], "SD-24-X-C": [-38.249905476794716, -13.500650500660246], "SD-24-Y-A": [-41.24991917763906, -14.50059203418981], "SD-24-Y-B": [-39.749912294265336, -14.500592040211277], "SD-24-Y-C": [-41.24991914973736, -15.50068463623543], "SE-23-V-A": [-47.24994662802514, -16.50077644078068], "SE-23-V-B": [-45.74993976324571, -16.50077642953799], "SE-23-X-D": [-42.74992602884647, -17.500732391075555], "SE-23-Z-B": [-42.74992603948968, -18.500822435428976], "SE-24-V-A": [-41.24991918158527, -16.50077642426397], "SE-24-V-C": [-41.249919174276215, -17.500732376812948], "A-23-Z-D-": [-42.74992605612361, -3.50023483783981], "A-24-Y-A-": [-41.24991919607103, -2.5001446905018065], "A-24-Y-C-": [-41.24991919595306, -3.5002348273565405], "B-23-X-B-": [-42.74992606961692, -4.500319448425062], "B-23-X-D-": [-42.74992606474589, -5.500285041062031], "B-23-Y-D-": [-45.74993979838926, -7.500484925948915], "B-23-Z-A-": [-44.24993292341826, -6.500385163648042], "B-23-Z-B-": [-42.74992606396928, -6.50038515684802], "B-23-Z-C-": [-44.24993291880974, -7.5004849165438605], "B-23-Z-D-": [-42.74992603471399, -7.500484920517343], "B-24-V-A-": [-41.24991920815678, -4.500319447507099], "B-24-V-C-": [-41.24991919483262, -5.50028503596428], "B-24-Y-A-": [-41.24991918644304, -6.500385153550741], "C-23-V-B-": [-45.74993979005022, -8.500449398036448], "C-23-V-D-": [-45.74993977458102, -9.500413667770438], "C-23-X-A-": [-44.24993293589022, -8.500449394142978], "C-23-X-C-": [-44.24993291216891, -9.500413639928544], "C-23-Y-B-": [-45.749939777998165, -10.500512018742898], "C-23-Y-C-": [-47.24994662725567, -11.500474903262457], "C-23-Y-D-": [-45.74993978620723, -11.500474900782427], "C-23-Z-A-": [-44.249932896694816, -10.500512020392447], "C-23-Z-C-": [-44.2499329073696, -11.500474901341981], "D-23-V-B-": [-45.74993978037435, -12.500572042680863], "D-23-V-D-": [-45.74993979303304, -13.500650508234898], "D-23-X-A-": [-44.24993291368629, -12.50057203768385], "D-23-X-B-": [-42.749926062147054, -12.500572052099152], "D-23-X-C-": [-44.24993293482494, -13.500650493175963], "D-23-X-D-": [-42.74992606884802, -13.500650491331033], "D-23-Y-A-": [-47.2499466629336, -14.500592028498799], "D-23-Y-B-": [-45.749939753241264, -14.500592044995665], "D-23-Y-C-": [-47.2499466523078, -15.500684639654562], "D-23-Y-D-": [-45.749939755605304, -15.500684633861887], "D-23-Z-A-": [-44.24993289819774, -14.500592033076641], "D-23-Z-B-": [-42.749926033022035, -14.500592043047428], "D-23-Z-C-": [-44.249932895005905, -15.500684631645445], "D-23-Z-D-": [-42.749926040696906, -15.500684639155065], "D-24-Y-A-": [-41.24991917763906, -14.50059203418981], "D-24-Y-C-": [-41.24991914973736, -15.50068463623543], "E-23-V-A-": [-47.24994662802514, -16.50077644078068], "E-23-V-B-": [-45.74993976324571, -16.50077642953799], "E-23-X-A-": [-44.249932913099585, -16.500776448121748], "E-23-X-B-": [-42.74992604255508, -16.500776418621847], "E-23-X-C-": [-44.249932933691426, -17.500732403545214], "E-23-X-D-": [-42.74992602884647, -17.500732391075555], "E-23-Z-A-": [-44.24993291266018, -18.50082243083474], "E-23-Z-B-": [-42.74992603948968, -18.500822435428976], "E-24-V-A-": [-41.24991918158527, -16.50077642426397], "TICA-SB-2": [-35.25002649614359, -7.500484817752621], "TICA-SC-2": [-35.25002648458483, -9.500413540684578], "TICA-SD-2": [-38.24990546518482, -15.500684632799754], "TICA-SE-2": [-41.249919174276215, -17.500732376812948], "SA-23-Z-D": [-42.74992605612361, -3.50023483783981], "SA-24-Y-B": [-39.749912347045296, -2.5001446931767193], "SA-24-Y-C": [-41.24991919595306, -3.5002348273565405], "SA-24-Y-D": [-39.74991235269129, -3.500234842310374], "SA-24-Z-C": [-38.25004021746326, -3.500234782443814], "SB-23-X-D": [-42.74992606474589, -5.500285041062031], "SB-23-Y-D": [-45.74993979838926, -7.500484925948915], "SB-23-Z-A": [-44.24993292341826, -6.500385163648042], "SB-23-Z-C": [-44.24993291880974, -7.5004849165438605], "SB-23-Z-D": [-42.74992603471399, -7.500484920517343], "SB-24-Y-A": [-41.24991918644304, -6.500385153550741], "SB-24-Y-B": [-39.74991232370431, -6.500385153970283], "SB-24-Y-C": [-41.249919207378404, -7.500484918563875], "SB-24-Y-D": [-39.74991234978971, -7.500484920504811], "SB-24-Z-A": [-38.25004022946603, -6.500385088803426], "SB-24-Z-B": [-36.750033370460606, -6.500385087204328], "SB-24-Z-C": [-38.24990548244177, -7.500484910325041], "SB-24-Z-D": [-36.75003336599356, -7.500484826191685], "SB-25-V-C": [-35.250026504720715, -5.500284985193077], "SC-23-V-D": [-45.74993977458102, -9.500413667770438], "SC-23-X-D": [-42.74992607476597, -9.500413652077457], "SC-23-Z-A": [-44.249932896694816, -10.500512020392447], "SC-23-Z-B": [-42.74992605765771, -10.50051201599982], "SC-23-Z-D": [-42.74992604707451, -11.500474890544119], "SC-24-X-B": [-36.75003335073534, -8.500449304042094], "SC-24-Y-B": [-39.749912334843735, -10.500512020594122], "SC-24-Y-C": [-41.24991918646064, -11.500474893253815], "SC-24-Y-D": [-39.749912328243326, -11.500474904089085], "SC-24-Z-A": [-38.24990550227791, -10.500512016140693], "SC-24-Z-B": [-36.74989863682519, -10.500512032130842], "SC-25-V-C": [-35.25002648458483, -9.500413540684578], "SD-23-V-B": [-45.74993978037435, -12.500572042680863], "SD-23-X-C": [-44.24993293482494, -13.500650493175963], "SD-23-X-D": [-42.74992606884802, -13.500650491331033], "SD-23-Y-C": [-47.2499466523078, -15.500684639654562], "SD-23-Y-D": [-45.749939755605304, -15.500684633861887], "SD-23-Z-A": [-44.24993289819774, -14.500592033076641], "SD-23-Z-B": [-42.749926033022035, -14.500592043047428], "SD-23-Z-D": [-42.749926040696906, -15.500684639155065],